Model,Score
SVM,0.8365894974590627
DecisionTree,0.8341050254093731
XGBoost,0.8336533032185207
GradientBoosting,0.8333145115753812
RandomForest,0.8316205533596838
LogisticRegression,0.8176171654432525
